casilla_id,distrito_fed_17,distrito_fed_12,distrito_loc_17,distrito_loc_12,are,seccion,casilla,tipo_seccion,pri_pvem,pan_na,prd,pt,mc,otros,total,ln,tamano_md,tamano_gd,region,casilla_ex,rural,ln_total
233,4,1,1,1,1-80,2413,B-C,R,121,126,15,5,1,13,281,572,1,0,1,0,1,572
41,1,4,1,1,4-17,785,B-C,R,119,126,5,1,1,17,269,558,1,0,1,0,1,558
173,4,1,1,1,1-86,2382,B-C,U,163,107,11,0,0,13,294,505,1,0,1,0,0,505
138,4,1,1,1,1-65,2364,B-C,R,112,265,3,9,0,15,404,616,0,0,1,0,1,616
2780,1,4,1,9,4-22,791,B-C,R,133,132,8,8,0,17,298,567,1,0,1,0,1,567
2725,1,4,1,9,4-7,760,B-C,U,198,188,23,2,8,17,436,717,1,0,1,0,0,717
50,1,4,1,1,4-17,792,B-C,R,117,150,5,2,0,0,274,519,1,0,1,0,1,519
124,4,1,1,1,1-64,2356,B-C,M,144,181,10,27,2,14,378,610,1,0,1,0,0,610
176,4,1,1,1,1-88,2384,B-C,U,168,107,13,3,2,3,296,439,0,0,1,0,0,439
157,4,1,1,1,1-84,2376,B-C,U,170,115,12,6,2,10,315,474,0,0,1,0,0,474
20,1,4,1,1,4-4,758,B-C,U,198,196,14,3,7,12,430,718,1,0,1,0,0,718
109,4,1,1,1,1-63,2347,B-C,U,201,199,12,20,1,9,442,648,1,0,1,0,0,648
2788,1,4,1,9,4-27,803,B-C,R,80,190,4,8,1,10,293,414,1,0,1,0,1,414
141,4,1,1,1,1-67,2366,B-C,R,141,117,6,11,0,16,291,652,0,0,1,0,1,652
247,4,1,1,1,1-82,2420,B-C,R,174,130,4,5,1,18,332,541,1,0,1,0,1,541
283,4,1,1,1,1-90,2441,B-C,R,66,147,15,4,1,14,247,526,1,0,1,0,1,526
87,4,1,1,1,1-97,1899,B-C,R,50,119,7,2,1,20,199,433,0,0,1,0,1,433
2729,1,4,1,9,4-7,760,B-C,U,209,202,8,3,6,18,446,717,1,0,1,0,0,717
2730,1,4,1,9,4-7,760,B-C,U,203,200,10,4,5,11,433,716,1,0,1,0,0,716
53,1,4,1,1,4-21,793,B-C,M,133,194,12,8,1,7,355,606,1,0,1,0,0,606
206,4,1,1,1,1-95,2398,B-C,R,116,126,13,0,0,7,262,519,1,0,1,0,1,519
272,4,1,1,1,1-89,2435,B-C,R,114,89,14,4,0,18,239,401,0,0,1,0,1,401
52,1,4,1,1,4-21,793,B-C,M,102,194,8,2,4,19,329,606,1,0,1,0,0,606
659,3,5,3,3,5-7,1674,B-C,U,186,225,13,4,2,0,430,659,1,0,1,0,0,659
708,3,5,3,3,5-12,1691,B-C,U,210,245,5,3,3,11,477,726,1,0,1,0,0,726
1043,3,3,3,4,3-25,1312,B-C,U,149,191,6,4,2,6,358,561,1,0,1,0,0,561
759,3,5,3,3,5-22,1714,B-C,U,170,182,6,0,4,18,380,501,1,0,1,0,0,501
625,3,5,3,3,5-4,1268,B-C,U,201,194,11,3,2,17,428,738,1,0,1,0,0,738
950,3,3,3,4,3-3,1280,B-C,U,188,150,3,2,1,7,351,714,1,0,1,0,0,714
910,3,3,3,4,3-1,1266,B-C,U,236,160,8,2,1,23,430,746,1,0,1,0,0,746
1018,3,3,3,4,3-12,1304,B-C,U,184,269,22,4,4,7,490,706,1,0,1,0,0,706
1200,3,3,3,4,3-71,1480,B-C,R,165,190,6,3,0,12,376,551,1,0,1,0,1,551
951,3,3,3,4,3-8,1283,B-C,U,207,283,17,1,2,5,515,736,1,0,1,0,0,736
721,3,5,3,3,5-13,1696,B-C,U,151,184,7,4,0,13,359,571,1,0,1,0,0,571
1049,3,3,3,4,3-26,1315,B-C,U,144,143,4,0,2,7,300,464,0,0,1,0,0,464
677,3,5,3,3,5-7,1680,B-C,U,171,182,12,6,1,7,379,552,1,0,1,0,0,552
1045,3,3,3,4,3-25,1312,B-C,U,164,149,5,3,3,12,336,560,1,0,1,0,0,560
741,3,5,3,3,5-20,1705,B-C,U,160,206,9,0,0,9,384,513,1,0,1,0,0,513
695,3,5,3,3,5-8,1686,B-C,U,149,142,5,2,2,8,308,468,0,0,1,0,0,468
1046,3,3,3,4,3-11,1314,B-C,U,201,290,15,5,5,12,528,676,1,0,1,0,0,676
985,3,3,3,4,3-11,1292,B-C,U,170,197,4,2,1,9,383,635,1,0,1,0,0,635
678,3,5,3,3,5-10,1681,B-C,U,251,205,19,5,5,11,496,734,0,1,1,0,0,734
1415,5,5,5,5,5-66,1787,B-C,U,155,198,6,0,2,7,368,627,1,0,1,0,0,627
886,5,5,5,3,5-65,1774,B-C,U,196,202,12,0,2,0,412,702,1,0,1,0,0,702
1541,5,5,5,5,5-70,1847,B-C,U,203,215,4,1,3,11,437,734,1,0,1,0,0,734
1417,5,5,5,5,5-66,1787,B-C,U,134,181,12,5,4,17,353,627,1,0,1,0,0,627
1372,5,5,5,5,5-49,1494,B-C,M,208,158,8,1,2,9,386,683,0,1,1,0,0,683
1376,5,5,5,5,5-50,1494,B-C,M,217,149,5,2,1,5,379,683,0,1,1,0,0,683
1599,5,5,5,5,5-73,3021,B-C,U,119,139,8,2,1,7,276,487,0,0,1,0,0,487
1374,5,5,5,5,5-49,1494,B-C,M,199,137,4,1,2,13,356,683,0,1,1,0,0,683
1438,5,5,5,5,5-66,1795,B-C,U,164,196,5,3,1,6,375,605,1,0,1,0,0,605
1509,5,5,5,5,5-74,1833,B-C,U,168,118,8,5,2,23,324,562,1,0,1,0,0,562
1572,5,5,5,5,5-79,3009,B-C,U,136,119,4,4,2,3,268,486,0,0,1,0,0,486
1353,5,5,5,5,5-54,1490,B-C,M,236,139,8,4,1,11,399,700,0,1,1,0,0,700
1556,5,6,5,5,6-81,1855,B-C,U,181,147,5,1,1,13,348,646,1,0,1,0,0,646
1319,5,6,5,5,6-83,1464,B-C,U,175,171,9,5,4,15,379,647,0,0,1,0,0,647
773,5,5,5,3,5-46,1721,B-C,U,180,164,6,6,3,19,378,589,1,0,1,0,0,589
1404,5,5,5,5,5-63,1782,B-C,U,157,179,8,1,1,12,358,599,1,0,1,0,0,599
881,5,5,5,3,5-62,1771,B-C,U,130,192,5,2,2,8,339,532,1,0,1,0,0,532
1513,5,5,5,5,5-72,1835,B-C,U,192,137,6,0,3,17,355,607,1,0,1,0,0,607
1432,5,5,5,5,5-68,1794,B-C,U,221,201,5,5,0,11,443,701,0,1,1,0,0,701
1992,6,6,7,7,6-56,1516,B-C,U,131,213,11,2,1,5,363,462,0,0,1,0,0,462
1618,5,6,7,6,6-64,1463,B-C,U,210,218,17,8,4,0,457,695,0,0,1,0,0,695
1076,3,3,7,4,3-31,1325,B-C,U,146,145,9,1,1,6,308,605,1,0,1,0,0,605
1314,5,5,7,5,5-32,1459,B-C,U,191,194,18,2,2,10,417,617,0,0,1,0,0,617
822,5,5,7,3,5-27,1744,B-C,U,147,162,9,0,1,12,331,452,0,0,1,0,0,452
1151,6,3,7,4,3-44,1362,B-C,U,195,174,9,2,2,16,398,663,1,0,1,0,0,663
847,5,5,7,3,5-29,1755,B-C,U,148,168,6,3,3,9,337,481,0,0,1,0,0,481
1487,5,5,7,5,5-32,1821,B-C,U,256,147,4,0,3,11,421,690,0,0,1,0,0,690
782,5,5,7,3,5-23,1726,B-C,U,212,153,13,4,2,6,390,492,0,0,1,0,0,492
1445,5,5,7,5,5-35,1800,B-C,U,143,139,6,3,1,9,301,498,0,0,1,0,0,498
826,5,5,7,3,5-36,1746,B-C,U,151,156,7,1,2,8,325,475,0,0,1,0,0,475
763,3,5,7,3,5-21,1716,B-C,U,134,140,8,2,4,12,300,408,0,0,1,0,0,408
1418,5,5,7,5,5-39,1788,B-C,U,182,179,8,3,1,17,390,588,0,0,1,0,0,588
1882,3,3,7,7,3-45,1371,B-C,U,108,119,8,2,1,2,240,387,0,0,1,0,0,387
1973,6,3,7,7,3-62,1439,B-C,U,160,229,9,2,2,12,414,533,1,0,1,0,0,533
769,3,5,7,3,5-26,1719,B-C,U,196,230,6,4,4,13,453,704,1,0,1,0,0,704
1454,5,5,7,5,5-39,1804,B-C,U,241,252,8,2,1,8,512,731,0,0,1,0,0,731
1931,6,3,7,7,3-57,1408,B-C,U,126,149,3,3,0,20,301,491,0,0,1,0,0,491
1878,6,3,7,7,3-44,1370,B-C,U,160,149,8,2,0,13,332,513,1,0,1,0,0,513
1409,5,5,7,5,5-45,1785,B-C,U,149,155,3,1,0,9,317,526,1,0,1,0,0,526
770,3,5,7,3,5-26,1720,B-C,U,137,169,8,0,2,15,331,541,1,0,1,0,0,541
1126,6,3,7,4,3-38,1349,B-C,U,203,207,16,5,2,3,436,676,1,0,1,0,0,676
1957,6,3,7,7,3-56,1419,B-C,U,153,107,5,2,2,9,278,406,0,0,1,0,0,406
1896,6,3,7,7,3-50,1381,B-C,U,162,113,6,0,1,8,290,478,0,0,1,0,0,478
1132,3,3,7,4,3-36,1351,B-C,U,194,209,14,2,5,6,430,647,1,0,1,0,0,647
1087,3,3,7,4,3-32,1331,B-C,U,183,183,12,3,3,16,400,629,1,0,1,0,0,629
1428,5,5,7,5,5-45,1793,B-C,U,186,103,4,2,0,8,303,501,1,0,1,0,0,501
1478,5,5,7,5,5-33,1815,B-C,U,167,164,5,2,2,5,345,548,0,0,1,0,0,548
67,1,4,8,1,4-31,801,B-C,R,123,137,7,11,11,13,302,554,1,0,1,0,1,554
2334,4,4,8,8,4-69,889,B-C,R,110,171,9,9,3,13,315,557,1,0,1,0,1,557
2242,4,4,8,8,4-54,850,B-C,U,137,88,20,4,3,6,258,419,0,0,1,0,0,419
2245,4,4,8,8,4-54,851,B-C,U,190,90,26,7,5,0,318,512,1,0,1,0,0,512
2231,4,4,8,8,4-50,843,B-C,U,223,171,33,5,6,18,456,630,0,0,1,0,0,630
2770,1,4,8,9,4-11,775,B-C,U,179,192,13,3,4,11,402,694,1,0,1,0,0,694
2276,4,4,8,8,4-55,866,B-C,U,219,108,20,4,4,12,367,609,1,0,1,0,0,609
2765,1,4,8,9,4-6,773,B-C,U,164,214,12,1,7,16,414,653,1,0,1,0,0,653
2235,4,4,8,8,4-48,845,B-C,U,228,195,39,8,3,10,483,735,1,0,1,0,0,735
2746,1,4,8,9,4-12,766,B-C,U,175,129,13,4,0,17,338,595,1,0,1,0,0,595
2297,4,4,8,8,4-62,875,B-C,U,184,191,32,2,3,14,426,712,1,0,1,0,0,712
2352,4,4,8,8,4-74,897,B-C,R,140,131,14,6,4,13,308,526,1,0,1,0,1,526
2375,4,4,8,8,4-83,907,B-C,R,150,160,4,2,1,12,329,605,1,0,1,0,1,605
2319,4,4,8,8,4-67,878,S,M,76,91,20,0,2,1,190,0,0,1,1,0,0,190
2815,1,4,8,9,4-39,816,E,R,93,130,8,3,0,19,253,476,0,0,1,1,1,476
2201,4,4,8,8,4-43,828,B-C,U,180,102,35,9,3,15,344,599,1,0,1,0,0,599
2254,4,4,8,8,4-53,854,B-C,U,223,119,26,1,2,23,394,713,1,0,1,0,0,713
2349,4,4,8,8,4-77,896,B-C,M,192,149,30,5,0,11,387,660,1,0,1,0,0,660
2225,4,4,8,8,4-45,839,B-C,U,176,124,26,9,4,9,348,596,0,0,1,0,0,596
2283,4,4,8,8,4-60,869,B-C,U,174,83,14,7,2,17,297,545,1,0,1,0,0,545
2314,4,4,8,8,4-66,878,B-C,M,216,161,45,6,3,16,447,748,0,1,1,0,0,748
2195,4,4,8,8,4-42,825,B-C,M,133,130,20,8,3,14,308,496,0,0,1,0,0,496
2696,2,2,9,9,2-23,223,B-C,R,127,221,8,4,4,32,396,648,0,0,2,0,1,648
2581,2,2,9,9,2-10,163,B-C,U,106,106,6,3,5,15,241,378,0,0,2,0,0,378
2695,2,2,9,9,2-23,222,B-C,R,60,145,7,4,1,15,232,457,0,0,2,0,1,457
5148,14,14,9,17,14-70,323,B-C,R,88,144,22,2,1,5,262,446,0,0,2,0,1,446
2642,2,2,9,9,2-35,190,B-C,R,140,217,6,2,2,18,385,726,1,0,2,0,1,726
5117,14,14,9,17,14-65,308,B-C,R,145,142,7,4,4,5,307,532,0,0,2,0,1,532
5115,14,14,9,17,14-64,307,B-C,R,151,76,12,3,1,3,246,512,1,0,2,0,1,512
2721,2,2,9,9,2-20,240,B-C,R,38,35,2,1,1,9,86,249,0,0,2,0,1,249
2577,2,2,9,9,2-12,160,B-C,U,140,131,9,6,3,12,301,437,0,0,2,0,0,437
2646,2,2,9,9,2-31,193,B-C,R,95,136,8,0,1,14,254,604,0,0,2,0,1,604
5109,14,14,9,17,14-62,304,B-C,M,254,82,23,10,4,20,393,590,1,0,2,0,0,590
2629,2,2,9,9,2-29,184,B-C,R,50,112,5,4,2,21,194,444,0,0,2,0,1,444
2635,2,2,9,9,2-27,187,B-C,R,70,147,11,2,0,10,240,490,0,0,2,0,1,490
2693,2,2,9,9,2-24,221,B-C,R,53,80,0,2,0,6,141,240,0,0,2,0,1,240
5077,14,14,9,17,14-55,291,B-C,U,122,196,20,7,3,8,356,528,1,0,2,0,0,528
2723,2,2,9,9,2-21,242,B-C,R,111,161,6,5,1,21,305,526,0,0,2,0,1,526
2679,2,2,9,9,2-39,213,B-C,R,65,122,5,5,5,12,214,488,0,0,2,0,1,488
2570,2,2,9,9,2-13,157,B-C,U,128,160,12,4,4,21,329,551,1,0,2,0,0,551
5136,14,14,9,17,14-68,317,B-C,R,96,131,12,1,2,6,248,385,0,0,2,0,1,385
5097,14,14,9,17,14-60,299,B-C,R,124,58,12,2,0,17,213,461,0,0,2,0,1,461
2549,2,2,9,9,2-10,150,B-C,U,93,146,12,2,2,0,255,401,0,0,2,0,0,401
2701,2,2,9,9,2-22,226,B-C,R,79,107,6,4,1,17,214,491,0,0,2,0,1,491
5142,14,14,9,17,14-69,320,B-C,R,316,339,23,4,0,20,702,619,1,0,2,0,1,619
5350,7,11,10,18,11-102,587,B-C,R,153,63,1,1,0,4,222,391,0,0,1,0,1,391
5374,7,11,10,18,11-92,605,B-C,R,32,25,9,0,0,5,71,130,0,0,1,0,1,130
2843,7,7,10,10,7-3,2037,B-C,U,133,317,5,2,1,10,468,648,1,0,1,0,0,648
3051,7,7,10,10,7-43,2476,B-C,U,118,166,5,0,2,8,299,530,1,0,1,0,0,530
5396,13,11,10,18,11-84,726,B-C,U,189,121,48,5,0,19,382,546,1,0,1,0,0,546
5395,13,11,10,18,11-85,725,B-C,U,152,127,79,1,1,26,386,634,1,0,1,0,0,634
3096,7,7,10,10,7-55,2493,B-C,R,208,173,8,0,0,38,427,740,0,0,1,0,1,740
5332,7,11,10,18,11-96,575,B-C,M,188,153,8,14,2,11,376,615,1,0,1,0,0,615
2875,7,7,10,10,7-10,2046,B-C,R,96,195,5,2,2,11,311,605,1,0,1,0,1,605
3060,7,7,10,10,7-45,2477,B-C,U,145,244,7,3,2,6,407,702,0,1,1,0,0,702
5366,7,11,10,18,11-96,600,B-C,R,105,33,4,8,0,9,159,232,0,0,1,0,1,232
2984,7,7,10,10,7-32,2448,B-C,U,77,284,1,1,0,10,373,534,1,0,1,0,0,534
2995,7,7,10,10,7-34,2453,B-C,U,161,278,1,1,0,9,450,713,1,0,1,0,0,713
3009,7,7,10,10,7-36,2460,B-C,U,122,190,5,0,1,5,323,466,0,0,1,0,0,466
3069,7,7,10,10,7-46,2480,B-C,R,112,182,2,0,1,11,308,534,1,0,1,0,1,534
3043,7,7,10,10,7-38,2474,B-C,U,153,262,6,3,0,6,430,608,1,0,1,0,0,608
5398,13,11,10,18,11-84,726,B-C,U,169,107,58,3,0,19,356,545,1,0,1,0,0,545
3030,7,7,10,10,7-41,2470,B-C,U,121,233,1,2,0,8,365,604,1,0,1,0,0,604
3110,7,7,10,10,7-53,2499,B-C,R,137,72,4,0,0,0,213,512,1,0,1,0,1,512
2854,7,7,10,10,7-6,2042,B-C,U,135,304,5,2,1,11,458,688,0,1,1,0,0,688
5343,7,11,10,18,11-100,582,B-C,R,159,136,5,3,0,9,312,517,1,0,1,0,1,517
3046,7,7,10,10,7-39,2475,B-C,U,144,286,8,3,1,9,451,701,1,0,1,0,0,701
2983,7,7,10,10,7-32,2448,B-C,U,102,248,1,0,0,6,357,534,1,0,1,0,0,534
5408,13,11,10,18,11-83,734,B-C,R,34,86,50,2,0,14,186,271,0,0,1,0,1,271
3775,9,4,11,12,4-107,1148,B-C,R,141,191,21,6,1,22,382,704,1,0,1,0,1,704
3221,9,9,11,11,9-32,946,B-C,U,129,213,12,2,3,7,366,494,0,0,1,0,0,494
3356,15,9,11,11,9-25,1078,B-C,U,199,160,11,1,2,13,386,721,0,1,1,0,0,721
3464,9,9,11,11,9-13,1153,B-C,M,171,109,20,4,0,12,316,600,1,0,1,0,0,600
3473,9,9,11,11,9-14,1160,B-C,M,141,140,5,5,0,14,305,567,1,0,1,0,0,567
3301,15,9,11,11,9-45,1037,B-C,U,149,130,13,0,0,12,304,540,1,0,1,0,0,540
3533,9,9,11,12,9-37,949,B-C,U,129,244,7,2,0,0,382,522,1,0,1,0,0,522
3756,9,4,11,12,4-105,1137,B-C,M,134,217,8,5,1,18,383,587,1,0,1,0,0,587
3225,15,9,11,11,9-36,954,B-C,U,102,175,7,2,4,11,301,416,0,0,1,0,0,416
3244,15,9,11,11,9-42,961,B-C,U,116,164,1,0,2,5,288,400,0,0,1,0,0,400
3522,9,9,11,12,9-31,933,B-C,U,197,260,12,3,2,9,483,703,1,0,1,0,0,703
3530,9,4,11,12,4-89,945,B-C,U,102,180,13,5,2,4,306,420,0,0,1,0,0,420
3458,9,9,11,11,9-10,1151,B-C,M,76,184,10,1,0,18,289,538,1,0,1,0,0,538
3754,9,4,11,12,4-105,1136,B-C,R,134,265,5,3,1,22,430,662,1,0,1,0,1,662
3510,9,9,11,12,9-24,930,B-C,U,178,140,13,2,3,14,350,692,1,0,1,0,0,692
3387,15,9,11,11,9-48,1099,B-C,U,210,150,9,2,4,9,384,685,0,1,1,0,0,685
3749,9,4,11,12,4-103,1133,B-C,M,188,139,9,5,4,14,359,547,1,0,1,0,0,547
3500,15,9,11,11,9-16,1172,B-C,R,114,156,6,0,0,24,300,569,1,0,1,0,1,569
3223,15,9,11,11,9-32,947,B-C,U,126,201,11,3,4,7,352,576,1,0,1,0,0,576
3262,15,9,11,11,9-27,987,B-C,U,174,243,18,3,5,12,455,709,1,0,1,0,0,709
3719,9,9,11,12,9-1,1114,B-C,R,118,181,12,14,7,15,347,739,1,0,1,0,1,739
3543,15,9,11,12,9-37,953,B-C,U,155,229,13,0,3,7,407,549,1,0,1,0,0,549
3333,15,9,12,11,9-55,1067,B-C,U,182,213,12,3,2,15,427,692,1,0,1,0,0,692
3716,15,9,12,12,9-80,1111,B-C,U,150,178,13,4,3,8,356,548,1,0,1,0,0,548
3659,15,9,12,12,9-68,1048,B-C,U,196,240,11,1,4,15,467,740,0,0,1,0,0,740
3653,15,9,12,12,9-74,1045,B-C,U,115,141,11,2,1,5,275,405,0,0,1,0,0,405
3614,15,4,12,12,4-95,999,B-C,U,224,107,5,3,4,31,374,599,1,0,1,0,0,599
3624,15,9,12,12,9-61,1004,B-C,U,187,160,6,2,1,4,360,582,0,0,1,0,0,582
3382,15,9,12,11,9-53,1096,B-C,U,224,106,9,2,1,11,353,625,1,0,1,0,0,625
3706,15,9,12,12,9-80,1109,B-C,U,112,166,11,0,4,8,301,416,0,0,1,0,0,416
3639,15,4,12,12,4-97,1027,B-C,U,106,135,6,4,1,11,263,422,0,0,1,0,0,422
3370,15,9,12,11,9-56,1089,B-C,U,191,136,6,3,3,10,349,563,1,0,1,0,0,563
3647,15,9,12,12,9-67,1033,B-C,U,116,142,13,4,4,15,294,482,0,0,1,0,0,482
3565,9,4,12,12,4-96,967,B-C,U,195,132,27,0,0,13,367,723,1,0,1,0,0,723
3495,15,9,12,11,9-18,1170,B-C,M,138,132,5,4,2,10,291,532,1,0,1,0,0,532
3803,15,9,12,12,9-81,1177,B-C,U,169,151,12,2,3,10,347,576,1,0,1,0,0,576
3643,15,4,12,12,4-94,1029,B-C,U,170,161,5,3,0,7,346,580,1,0,1,0,0,580
3628,15,9,12,12,9-63,1015,B-C,U,183,216,29,2,7,10,447,701,0,0,1,0,0,701
3642,15,4,12,12,4-94,1029,B-C,U,144,168,10,2,0,10,334,580,1,0,1,0,0,580
3364,15,9,12,11,9-71,1086,B-C,U,120,104,14,2,0,9,249,459,0,0,1,0,0,459
3585,9,4,12,12,4-93,980,B-C,U,216,119,11,5,3,15,369,744,0,1,1,0,0,744
3374,15,9,12,11,9-55,1091,B-C,U,205,146,12,2,3,12,380,679,1,0,1,0,0,679
3616,15,4,12,12,4-94,1000,B-C,U,174,209,16,4,3,5,411,733,1,0,1,0,0,733
3579,9,4,12,12,4-93,979,B-C,U,138,123,11,6,2,7,287,516,1,0,1,0,0,516
3478,15,9,12,11,9-20,1162,B-C,M,134,234,5,1,0,8,382,626,1,0,1,0,0,626
3663,15,9,12,12,9-78,1056,B-C,U,146,126,10,4,3,10,299,517,1,0,1,0,0,517
2934,13,7,13,10,7-20,2075,B-C,R,182,37,32,1,0,0,252,370,0,0,1,0,1,370
2407,9,7,13,8,7-60,2655,B-C,U,157,132,5,9,0,14,317,654,1,0,1,0,0,654
2442,9,7,13,8,7-73,2669,B-C,U,216,186,15,5,2,18,442,727,1,0,1,0,0,727
3196,9,7,13,10,7-95,2731,B-C,R,71,119,13,8,0,16,227,434,0,0,1,0,1,434
3121,9,7,13,10,7-65,2665,B-C,U,128,130,7,6,2,9,282,544,1,0,1,0,0,544
2503,9,7,13,8,7-81,2706,B-C,R,152,173,4,1,2,16,348,619,1,0,1,0,1,619
2951,13,7,13,10,7-24,2088,B-C,R,111,85,69,2,1,23,291,653,1,0,1,0,1,653
2403,9,7,13,8,7-59,2654,B-C,U,150,129,13,4,4,9,309,649,1,0,1,0,0,649
2975,13,7,13,10,7-28,2105,B-C,R,87,32,102,4,2,28,255,411,0,0,1,0,1,411
3154,9,7,13,10,7-83,2702,B-C,R,212,134,8,2,0,6,362,618,1,0,1,0,1,618
2900,13,7,13,10,7-15,2059,B-C,U,146,129,55,0,0,14,344,533,1,0,1,0,0,533
2441,9,7,13,8,7-73,2669,B-C,U,201,208,15,4,3,14,445,728,1,0,1,0,0,728
2903,13,7,13,10,7-17,2061,B-C,U,144,117,45,1,4,10,321,503,1,0,1,0,0,503
3131,9,7,13,10,7-67,2678,B-C,U,129,134,12,3,2,6,286,604,1,0,1,0,0,604
2409,9,7,13,8,7-63,2656,B-C,U,156,183,16,8,0,7,370,628,1,0,1,0,0,628
3145,9,7,13,10,7-85,2695,B-C,R,148,150,10,0,0,12,320,567,1,0,1,0,1,567
2429,9,7,13,8,7-65,2663,B-C,U,157,187,20,3,4,22,393,642,1,0,1,0,0,642
2447,9,7,13,8,7-71,2672,B-C,U,169,190,19,7,1,14,400,725,0,0,1,0,0,725
2922,13,7,13,10,7-17,2069,B-C,U,140,163,62,4,0,14,383,589,1,0,1,0,0,589
3133,9,7,13,10,7-67,2678,B-C,U,108,159,7,4,1,4,283,604,1,0,1,0,0,604
2411,9,7,13,8,7-63,2656,B-C,U,176,181,12,3,1,9,382,628,1,0,1,0,0,628
3940,8,8,14,13,8-69,2151,B-C,U,129,125,16,9,4,19,302,470,0,0,2,0,0,470
4141,8,8,14,14,8-82,2129,B-C,U,165,192,25,2,9,24,417,627,1,0,2,0,0,627
4242,8,8,14,14,8-47,2222,B-C,R,181,95,20,2,5,19,322,464,0,0,2,0,1,464
4223,8,8,14,14,8-44,2211,B-C,R,193,131,20,9,1,27,381,627,0,0,2,0,1,627
4177,8,8,14,14,8-89,2160,B-C,U,160,155,17,15,4,17,368,530,1,0,2,0,0,530
3994,8,8,14,13,8-92,2188,B-C,U,182,159,25,5,2,13,386,593,1,0,2,0,0,593
4025,8,8,14,13,8-99,2197,B-C,U,168,190,18,5,7,12,400,693,1,0,2,0,0,693
4087,8,8,14,13,8-57,2257,B-C,R,77,186,25,1,2,11,302,508,1,0,2,0,1,508
4028,8,8,14,13,8-99,2197,B-C,U,169,194,19,8,2,19,411,693,1,0,2,0,0,693
4254,8,8,14,14,8-49,2228,B-C,R,94,205,9,4,1,8,321,535,1,0,2,0,1,535
4123,8,8,14,14,8-80,2119,B-C,U,228,216,23,15,7,10,499,685,0,0,2,0,0,685
4118,8,8,14,14,8-80,2116,B-C,U,221,157,23,15,7,14,437,608,0,0,2,0,0,608
4204,8,8,14,14,8-38,2201,B-C,R,75,114,8,3,0,9,209,420,0,0,2,0,1,420
4075,8,8,14,13,8-58,2250,B-C,R,144,216,37,2,3,22,424,674,0,0,2,0,1,674
4165,8,8,14,14,8-84,2147,B-C,U,121,96,16,13,9,9,264,410,0,0,2,0,0,410
3976,8,8,14,13,8-95,2181,B-C,U,163,193,18,7,3,11,395,646,1,0,2,0,0,646
3937,8,8,14,13,8-69,2143,B-C,U,113,162,9,7,1,8,300,431,0,0,2,0,0,431
4168,8,8,14,14,8-83,2149,B-C,U,149,162,14,8,4,21,358,558,0,0,2,0,0,558
4205,8,8,14,14,8-40,2202,B-C,U,141,145,23,5,1,16,331,482,0,0,2,0,0,482
4111,8,8,14,14,8-78,2112,B-C,U,154,179,26,21,1,6,387,543,1,0,2,0,0,543
4211,8,8,14,14,8-39,2204,B-C,U,167,123,15,2,1,12,320,568,1,0,2,0,0,568
4071,8,8,14,13,8-57,2248,B-C,R,122,262,15,4,1,10,414,699,1,0,2,0,1,699
4006,8,8,14,13,8-97,2193,B-C,U,194,174,25,16,10,11,430,703,0,1,2,0,0,703
4056,8,8,14,13,8-61,2242,B-C,U,104,173,15,1,2,0,295,673,1,0,2,0,0,673
4065,8,8,14,13,8-63,2245,B-C,U,98,159,19,7,0,10,293,531,1,0,2,0,0,531
4599,12,13,15,15,13-16,541,B-C,R,69,252,14,3,0,9,347,570,1,0,2,0,1,570
4579,12,12,15,15,12-57,529,B-C,M,139,158,12,3,0,14,326,621,1,0,2,0,0,621
4493,12,13,15,15,13-4,451,B-C,U,115,158,15,3,3,7,301,464,0,0,2,0,0,464
5275,14,10,15,17,10-51,2751,B-C,M,98,126,35,3,2,10,274,484,0,0,2,0,0,484
4875,12,12,15,16,12-13,493,B-C,U,108,261,14,4,1,11,399,613,0,0,2,0,0,613
4855,12,12,15,16,12-14,471,B-C,U,196,191,31,5,8,18,449,738,1,0,2,0,0,738
4980,12,13,15,16,13-19,564,B-C,M,103,279,6,3,1,14,406,742,0,0,2,0,0,742
4414,12,12,15,15,12-48,378,B-C,U,163,184,18,6,1,13,385,583,1,0,2,0,0,583
4584,12,12,15,15,12-56,532,B-C,R,174,246,15,3,1,20,459,708,1,0,2,0,1,708
4590,12,13,15,15,13-15,536,B-C,U,177,88,8,5,1,8,287,473,0,0,2,0,0,473
4457,12,12,15,15,12-51,412,B-C,U,182,256,29,5,7,11,490,693,0,1,2,0,0,693
4859,12,12,15,16,12-14,471,B-C,U,180,208,43,6,14,16,467,738,1,0,2,0,0,738
4440,12,12,15,15,12-2,407,B-C,U,149,167,13,3,6,11,349,503,1,0,2,0,0,503
4829,12,12,15,16,12-9,453,B-C,U,135,126,18,6,1,10,296,503,1,0,2,0,0,503
4402,12,12,15,15,12-47,367,B-C,U,101,143,5,3,3,11,266,450,0,0,2,0,0,450
4941,12,12,15,16,12-77,539,B-C,R,82,228,7,1,0,11,329,504,1,0,2,0,1,504
4526,12,13,15,15,13-9,485,B-C,U,121,147,14,5,1,11,299,546,1,0,2,0,0,546
4981,12,13,15,16,13-19,565,B-C,M,54,158,8,1,0,8,229,422,0,0,2,0,0,422
4975,12,12,15,16,12-82,559,B-C,M,66,165,5,2,4,4,246,453,0,0,2,0,0,453
4412,12,12,15,15,12-48,377,B-C,U,130,188,16,9,2,7,352,498,0,0,2,0,0,498
4852,12,12,15,16,12-11,469,B-C,U,183,166,21,12,3,12,397,610,0,0,2,0,0,610
4534,12,13,15,15,13-12,487,B-C,U,158,136,13,5,7,8,327,678,1,0,2,0,0,678
4848,12,12,15,16,12-10,463,B-C,U,171,207,20,6,5,16,425,618,0,0,2,0,0,618
4404,12,12,15,15,12-47,368,B-C,U,137,145,17,2,2,15,318,519,1,0,2,0,0,519
4600,12,13,15,15,13-18,563,B-C,M,209,148,12,0,1,7,377,619,1,0,2,0,0,619
4439,12,12,15,15,12-2,407,B-C,U,130,159,13,5,2,15,324,503,1,0,2,0,0,503
4721,12,12,16,16,12-24,344,B-C,U,165,148,19,9,4,17,362,592,1,0,2,0,0,592
4736,12,12,16,16,12-26,353,B-C,U,189,126,13,2,3,9,342,656,1,0,2,0,0,656
4762,12,12,16,16,12-30,376,B-C,U,160,224,41,10,4,16,455,687,1,0,2,0,0,687
4408,12,12,16,15,12-33,370,B-C,U,143,158,23,0,4,16,344,580,1,0,2,0,0,580
4547,2,12,16,15,12-62,497,B-C,R,145,242,6,8,1,19,421,740,1,0,2,0,1,740
4753,12,12,16,16,12-30,372,B-C,U,137,169,37,2,7,12,364,557,1,0,2,0,0,557
4700,12,12,16,16,12-26,340,B-C,U,128,193,27,5,6,14,373,612,1,0,2,0,0,612
4893,2,12,16,16,12-69,503,B-C,U,106,214,3,2,12,7,344,567,1,0,2,0,0,567
4919,2,12,16,16,12-74,519,B-C,U,128,176,49,11,10,23,397,725,1,0,2,0,0,725
4681,12,12,16,16,12-37,336,B-C,U,168,210,33,5,2,8,426,728,0,1,2,0,0,728
4367,12,12,16,15,12-41,347,B-C,NA,156,226,35,10,5,8,440,720,0,1,2,0,0,720
4727,12,12,16,16,12-32,350,B-C,U,153,159,14,6,4,16,352,602,1,0,2,0,0,602
4750,12,12,16,16,12-30,359,B-C,U,127,229,33,6,5,10,410,628,1,0,2,0,0,628
4774,12,12,16,16,12-4,397,B-C,U,242,251,15,3,6,15,532,714,0,0,2,0,0,714
4790,12,12,16,16,12-1,404,B-C,U,161,190,17,2,4,16,390,570,0,0,2,0,0,570
4923,2,12,16,16,12-75,520,B-C,M,135,182,29,4,6,13,369,727,1,0,2,0,0,727
4780,12,12,16,16,12-20,400,B-C,U,187,209,12,4,0,14,426,521,1,0,2,0,0,521
4373,12,12,16,15,12-44,347,B-C,NA,126,161,37,5,5,10,344,721,0,1,2,0,0,721
4364,12,12,16,15,12-42,347,B-C,NA,158,238,28,3,11,12,450,720,0,1,2,0,0,720
4921,2,12,16,16,12-75,520,B-C,M,145,210,18,5,7,12,397,728,1,0,2,0,0,728
5202,2,2,17,17,2-64,623,B-C,U,69,186,19,2,5,16,297,558,1,0,2,0,0,558
4342,8,8,17,14,8-24,2637,B-C,U,173,204,12,4,0,8,401,629,1,0,2,0,0,629
4316,8,8,17,14,8-19,2627,B-C,R,41,179,10,2,2,11,245,404,0,0,2,0,1,404
5238,2,2,17,17,2-68,641,B-C,R,65,259,19,2,6,14,365,718,1,0,2,0,1,718
5193,2,2,17,17,2-50,619,B-C,U,94,264,10,5,7,11,391,685,1,0,2,0,0,685
4287,8,8,17,14,8-36,2617,B-C,U,118,297,16,6,2,21,460,701,1,0,2,0,0,701
4266,8,8,17,14,8-26,2609,B-C,U,91,212,10,1,2,9,325,539,1,0,2,0,0,539
4337,8,8,17,14,8-23,2636,B-C,M,108,243,9,7,1,18,386,597,1,0,2,0,0,597
4290,8,8,17,14,8-30,2619,B-C,U,125,156,14,3,0,4,302,401,0,0,2,0,0,401
4288,8,8,17,14,8-36,2618,B-C,U,122,176,5,10,3,7,323,477,0,0,2,0,0,477
4625,8,8,17,15,8-10,2914,B-C,M,88,228,13,27,3,11,370,538,1,0,2,0,0,538
4666,8,8,17,15,8-9,2932,B-C,M,131,174,9,2,0,9,325,536,1,0,2,0,0,536
5195,2,2,17,17,2-63,620,B-C,M,102,151,5,1,8,8,275,518,1,0,2,0,0,518
4641,8,8,17,15,8-6,2921,B-C,M,127,254,14,3,2,20,420,585,1,0,2,0,0,585
4351,8,8,17,14,8-34,2640,B-C,R,116,160,23,8,2,6,315,528,1,0,2,0,1,528
4278,8,8,17,14,8-28,2613,B-C,U,100,259,11,3,4,13,390,678,1,0,2,0,0,678
5210,2,2,17,17,2-51,628,B-C,R,148,52,9,5,0,12,226,415,0,0,2,0,1,415
4292,8,8,17,14,8-30,2620,B-C,U,164,265,12,9,2,5,457,649,1,0,2,0,0,649
4264,8,8,17,14,8-35,2608,B-C,U,99,239,14,2,3,20,377,583,1,0,2,0,0,583
5627,7,11,18,18,11-28,2020,B-C,R,96,130,17,5,0,19,267,443,0,0,1,0,1,443
3865,13,11,18,13,11-74,27,B-C,R,192,274,10,2,5,11,494,664,1,0,1,0,1,664
5438,7,11,18,18,11-40,1921,B-C,U,95,161,1,1,1,7,266,408,0,0,1,0,0,408
5488,7,11,18,18,11-36,1948,B-C,R,146,218,4,1,0,14,383,629,1,0,1,0,1,629
3847,13,11,18,13,11-77,19,B-C,R,153,116,21,1,3,19,313,539,1,0,1,0,1,539
5636,7,11,18,18,11-24,2025,B-C,R,240,310,39,2,1,31,623,659,1,0,1,0,1,659
5560,7,11,18,18,11-15,1985,B-C,R,57,167,5,1,0,7,237,435,0,0,1,0,1,435
5454,7,11,18,18,11-39,1928,B-C,U,175,159,9,6,1,10,360,568,1,0,1,0,0,568
5660,13,11,18,19,11-53,927,B-C,R,142,131,47,50,3,11,384,622,1,0,1,0,1,622
5483,7,11,18,18,11-1,1945,B-C,R,90,103,3,0,1,13,210,431,0,0,1,0,1,431
5490,7,11,18,18,11-34,1949,B-C,R,57,150,4,5,1,18,235,443,0,0,1,0,1,443
3824,13,11,18,13,11-65,9,B-C,U,126,309,12,1,1,4,453,686,1,0,1,0,0,686
5577,7,11,18,18,11-9,1993,B-C,U,135,107,11,3,1,5,262,486,0,0,1,0,0,486
3879,13,11,18,13,11-70,34,B-C,R,102,177,9,5,0,10,303,558,1,0,1,0,1,558
5663,13,11,18,19,11-55,928,B-C,R,85,149,37,3,0,0,274,515,1,0,1,0,1,515
3901,13,11,18,13,11-57,46,B-C,R,59,142,14,3,2,15,235,411,0,0,1,0,1,411
3884,13,11,18,13,11-70,37,B-C,R,98,207,9,1,2,14,331,556,1,0,1,0,1,556
5650,13,11,18,19,11-56,922,B-C,R,165,108,44,2,1,12,332,532,1,0,1,0,1,532
3861,13,11,18,13,11-75,25,B-C,R,157,155,5,1,0,12,330,455,0,0,1,0,1,455
5419,7,11,18,18,11-42,1912,B-C,M,227,157,3,1,1,36,425,739,1,0,1,0,0,739
5600,7,11,18,18,11-17,2007,B-C,R,81,110,5,1,0,3,200,544,1,0,1,0,1,544
5593,7,11,18,18,11-22,2003,B-C,R,170,101,5,7,0,6,289,554,1,0,1,0,1,554
5656,13,11,18,19,11-52,924,B-C,R,70,123,41,31,1,12,278,387,0,0,1,0,1,387
3905,13,11,18,13,11-57,48,B-C,R,165,83,2,4,0,12,266,513,1,0,1,0,1,513
3897,13,11,18,13,11-59,43,B-C,R,110,148,6,2,0,10,276,372,0,0,1,0,1,372
3906,13,11,18,13,11-57,48,B-C,R,124,84,6,2,0,8,224,513,1,0,1,0,1,513
3853,13,11,18,13,11-75,21,B-C,R,154,128,15,4,1,14,316,543,1,0,1,0,1,543
5467,7,11,18,18,11-50,1933,B-C,R,168,28,0,2,0,9,207,348,0,0,1,0,1,348
6280,10,13,19,21,13-39,705,B-C,U,104,167,11,1,2,6,291,508,1,0,2,0,0,508
5784,13,13,19,19,13-69,2844,B-C,U,37,174,94,1,3,24,333,588,1,0,2,0,0,588
5737,13,13,19,19,13-59,2825,B-C,U,45,203,59,4,3,20,334,507,1,0,2,0,0,507
5794,13,13,19,19,13-70,2847,B-C,U,46,170,74,3,4,19,316,591,1,0,2,0,0,591
5768,13,13,19,19,13-65,2839,B-C,U,45,178,44,1,2,20,290,509,1,0,2,0,0,509
5869,13,13,19,19,13-90,2875,B-C,R,16,158,64,3,1,21,263,422,1,0,2,0,1,422
5838,13,13,19,19,13-82,2865,B-C,R,23,186,50,3,1,16,279,547,1,0,2,0,1,547
6243,10,13,19,21,13-32,689,B-C,U,133,174,24,3,0,18,352,579,1,0,2,0,0,579
5729,13,13,19,19,13-58,2822,B-C,U,64,182,40,1,2,11,300,436,0,0,2,0,0,436
5676,13,13,19,19,13-47,1183,B-C,U,190,177,8,1,3,15,394,665,1,0,2,0,0,665
5905,13,13,19,19,13-93,2888,B-C,M,115,64,111,1,1,12,304,413,1,0,2,0,0,413
5752,13,13,19,19,13-57,2832,B-C,U,83,250,33,1,2,20,389,562,1,0,2,0,0,562
5696,13,13,19,19,13-51,1193,B-C,R,50,178,9,2,5,6,250,474,0,0,2,0,1,474
6200,10,13,19,21,13-23,671,B-C,U,170,244,21,7,3,14,459,670,1,0,2,0,0,670
6216,10,13,19,21,13-25,678,B-C,U,95,160,14,1,5,9,284,400,0,0,2,0,0,400
5788,13,13,19,19,13-64,2845,B-C,U,48,162,83,8,1,17,319,652,1,0,2,0,0,652
5791,13,13,19,19,13-70,2847,B-C,U,49,181,93,4,1,17,345,592,1,0,2,0,0,592
6199,10,13,19,21,13-23,670,B-C,U,98,204,43,3,7,8,363,619,1,0,2,0,0,619
5674,13,13,19,19,13-47,1183,B-C,U,183,178,14,2,2,14,393,666,1,0,2,0,0,666
5672,13,13,19,19,13-44,1182,B-C,U,200,210,18,7,6,9,450,639,1,0,2,0,0,639
5779,13,13,19,19,13-66,2842,B-C,U,53,159,91,1,6,22,332,612,1,0,2,0,0,612
5868,13,13,19,19,13-90,2875,E,R,15,170,56,3,0,16,260,423,1,0,2,1,1,423
6284,10,13,19,21,13-41,707,B-C,R,68,86,8,0,1,11,174,415,0,0,2,0,1,415
5703,13,13,19,19,13-52,1196,B-C,M,142,201,14,1,4,11,373,582,1,0,2,0,0,582
5675,13,13,19,19,13-47,1183,B-C,U,179,219,9,3,2,7,419,666,1,0,2,0,0,666
5732,13,13,19,19,13-57,2823,B-C,U,122,266,45,8,3,19,463,702,1,0,2,0,0,702
6239,10,13,19,21,13-31,688,B-C,U,140,178,28,5,0,8,359,635,1,0,2,0,0,635
5694,13,13,19,19,13-50,1192,B-C,R,51,178,19,5,2,11,266,485,1,0,2,0,1,485
5925,10,10,20,20,10-3,1866,B-C,U,74,158,18,4,10,11,275,403,0,0,2,0,0,403
5962,10,10,20,20,10-11,1883,B-C,U,73,221,19,2,2,13,330,625,1,0,2,0,0,625
5932,10,10,20,20,10-5,1869,B-C,U,127,10,49,4,5,9,204,693,1,0,2,0,0,693
5951,10,10,20,20,10-4,1878,B-C,U,82,173,25,6,2,9,297,464,0,0,2,0,0,464
6002,10,10,20,20,10-62,2790,B-C,U,160,190,6,1,1,13,371,673,1,0,2,0,0,673
5956,10,10,20,20,10-9,1880,B-C,U,79,159,27,2,4,11,282,601,1,0,2,0,0,601
6094,10,10,20,20,10-82,2959,B-C,U,135,178,12,40,5,20,390,648,1,0,2,0,0,648
6053,10,10,20,20,10-72,2808,B-C,U,110,166,15,2,4,6,303,570,1,0,2,0,0,570
6158,10,10,20,20,10-96,2995,B-C,R,169,135,2,4,0,9,319,686,0,0,2,0,1,686
6003,10,10,20,20,10-63,2791,B-C,U,143,242,14,4,0,10,413,725,1,0,2,0,0,725
5983,10,10,20,20,10-15,1893,B-C,R,94,100,26,3,1,10,234,489,0,0,2,0,1,489
6040,10,10,20,20,10-70,2803,S,U,59,91,4,0,2,3,159,0,1,0,2,0,0,159
6343,10,10,20,21,10-22,2285,B-C,M,124,197,16,7,1,14,359,647,1,0,2,0,0,647
6421,10,10,20,21,10-38,2329,B-C,M,97,198,16,3,1,20,335,641,1,0,2,0,0,641
6009,10,10,20,20,10-64,2792,B-C,U,149,154,12,1,0,0,316,582,1,0,2,0,0,582
6173,10,10,20,20,10-97,3002,B-C,R,85,84,14,8,0,21,212,432,0,0,2,0,1,432
6174,10,10,20,20,10-96,3003,B-C,R,52,137,3,3,0,5,200,436,0,0,2,0,1,436
6449,10,10,20,21,10-45,2345,B-C,R,102,196,19,3,0,12,332,626,0,0,2,0,1,626
6100,10,10,20,20,10-79,2962,B-C,U,125,200,8,18,2,14,367,558,1,0,2,0,0,558
6447,10,10,20,21,10-44,2343,B-C,R,85,59,4,6,2,4,160,367,0,0,2,0,1,367
6069,10,10,20,20,10-76,2814,B-C,R,103,97,11,2,0,11,224,597,1,0,2,0,1,597
5941,10,10,20,20,10-7,1873,B-C,U,56,164,25,6,2,66,319,664,1,0,2,0,0,664
6125,10,10,20,20,10-88,2975,B-C,R,115,148,54,12,2,36,367,584,1,0,2,0,1,584
6357,10,10,20,21,10-25,2291,B-C,R,49,163,6,15,3,10,246,448,0,0,2,0,1,448
6435,10,10,20,21,10-41,2336,B-C,R,138,189,27,7,3,13,377,685,0,0,2,0,1,685
6424,10,10,20,21,10-38,2330,B-C,U,147,154,12,6,1,13,333,585,1,0,2,0,0,585
6411,10,10,20,21,10-36,2325,B-C,U,144,94,10,2,3,10,263,461,0,0,2,0,0,461
6001,10,10,20,20,10-62,2790,B-C,U,154,185,12,6,2,18,377,673,1,0,2,0,0,673
6344,10,10,20,21,10-22,2285,B-C,M,113,224,12,6,2,23,380,647,1,0,2,0,0,647
6167,10,10,20,20,10-99,3000,B-C,M,121,224,14,2,2,17,380,744,1,0,2,0,0,744
6312,10,10,20,21,10-18,2269,B-C,U,109,148,22,3,3,18,303,490,0,0,2,0,0,490
2029,11,6,21,7,6-38,1586,B-C,U,156,191,7,4,3,7,368,564,1,0,1,0,0,564
2069,11,6,21,7,6-27,1633,B-C,U,210,183,11,5,2,10,421,704,1,0,1,0,0,704
2107,11,6,21,7,6-26,1642,B-C,U,200,159,7,7,2,16,391,708,0,1,1,0,0,708
2085,11,6,21,7,6-34,1634,B-C,U,215,225,16,3,3,13,475,749,0,1,1,0,0,749
2105,11,6,21,7,6-26,1642,B-C,U,180,189,10,6,0,7,392,708,0,1,1,0,0,708
1179,20,3,21,4,3-67,1392,B-C,NA,206,209,17,8,7,18,465,734,0,1,1,0,0,734
1981,6,3,21,7,3-63,1450,B-C,U,198,281,14,3,2,14,512,738,1,0,1,0,0,738
2153,11,6,21,7,6-22,1647,B-C,U,191,165,8,1,3,11,379,737,0,1,1,0,0,737
2152,11,6,21,7,6-22,1647,B-C,U,177,177,6,2,0,0,362,737,0,1,1,0,0,737
2011,11,6,21,7,6-40,1564,B-C,U,140,168,11,2,1,8,330,479,0,0,1,0,0,479
2123,11,6,21,7,6-23,1643,B-C,U,188,158,4,2,0,18,370,694,0,1,1,0,0,694
2150,11,6,21,7,6-21,1647,B-C,U,221,177,10,0,2,0,410,737,0,1,1,0,0,737
1169,20,3,21,4,3-68,1392,B-C,NA,207,231,23,4,4,7,476,734,0,1,1,0,0,734
1787,11,6,21,6,6-47,1616,B-C,U,145,153,17,5,0,10,330,470,0,0,1,0,0,470
1782,11,6,21,6,6-46,1614,B-C,U,183,252,12,3,3,8,461,725,0,1,1,0,0,725
6487,14,14,22,22,14-7,68,B-C,U,89,133,18,8,3,10,261,403,0,0,2,0,0,403
6649,14,14,22,22,14-79,1206,B-C,U,100,134,70,0,4,14,322,526,1,0,2,0,0,526
6555,14,14,22,22,14-18,101,B-C,R,47,127,33,4,1,20,232,555,1,0,2,0,1,555
6477,14,14,22,22,14-4,64,B-C,U,69,125,27,4,3,13,241,429,0,0,2,0,0,429
6521,14,14,22,22,14-14,84,B-C,U,70,185,53,4,6,18,336,675,1,0,2,0,0,675
4995,14,14,22,17,14-39,248,S,U,54,54,7,4,5,4,128,0,1,0,2,0,0,128
6474,14,14,22,22,14-5,62,B-C,M,90,160,29,6,6,8,299,475,0,0,2,0,0,475
6561,14,14,22,22,14-26,104,B-C,R,76,97,53,3,4,29,262,512,1,0,2,0,1,512
6667,14,14,22,22,14-85,1217,B-C,R,97,107,10,2,0,12,228,505,0,0,2,0,1,505
6629,14,14,22,22,14-75,653,B-C,M,98,115,30,9,0,10,262,401,0,0,2,0,0,401
6617,14,14,22,22,14-33,137,B-C,U,66,164,58,2,2,23,315,556,1,0,2,0,0,556
6650,14,14,22,22,14-79,1206,B-C,U,109,112,97,1,4,13,336,525,1,0,2,0,0,525
6503,14,14,22,22,14-10,76,B-C,U,75,118,28,3,7,12,243,428,0,0,2,0,0,428
6641,14,14,22,22,14-74,660,B-C,R,133,245,72,3,0,12,465,723,1,0,2,0,1,723
6495,14,14,22,22,14-7,72,B-C,U,74,139,38,13,4,18,286,558,1,0,2,0,0,558
5003,14,14,22,17,14-47,252,B-C,M,81,116,13,5,125,36,376,651,1,0,2,0,0,651
6475,14,14,22,22,14-5,62,B-C,M,88,151,34,8,3,13,297,475,0,0,2,0,0,475
6485,14,14,22,22,14-8,67,B-C,U,78,169,34,4,1,18,304,578,1,0,2,0,0,578
6512,14,14,22,22,14-13,81,B-C,U,128,213,41,7,5,15,409,653,1,0,2,0,0,653
5060,14,14,22,17,14-52,284,B-C,R,83,101,11,2,53,0,250,522,0,0,2,0,1,522
6529,14,14,22,22,14-15,86,B-C,U,90,124,96,6,3,29,348,686,1,0,2,0,0,686
6520,14,14,22,22,14-12,83,B-C,U,92,143,61,7,2,24,329,723,1,0,2,0,0,723
6462,14,14,22,22,14-4,56,B-C,U,75,174,53,16,5,19,342,672,1,0,2,0,0,672
6484,14,14,22,22,14-8,67,B-C,U,95,154,34,3,4,14,304,578,1,0,2,0,0,578
6715,14,14,22,22,14-96,1253,B-C,NA,18,14,6,0,0,6,44,52,0,0,2,0,0,52
6680,14,14,22,22,14-87,1226,B-C,R,133,32,31,2,2,18,218,573,1,0,2,0,1,573
6720,14,14,22,22,14-97,1256,B-C,R,107,82,41,1,3,12,246,453,0,0,2,0,1,453
4996,14,14,22,17,14-39,249,B-C,U,97,185,13,36,39,17,387,504,1,0,2,0,0,504
